timestamp,lat,lon,groundspeed_mps,roll_deg,pitch_deg,heading_deg,speed_setpoint_mps,heading_setpoint_deg,vehicle_mode,armed_status
2025-08-29T12:51:12.577029Z,40.8634558,29.2600939,0.078,0.35,-2.65,305.0,0.050,199.4,AUTO,ARMED
2025-08-29T12:51:13.576809Z,40.8634554,29.2600947,0.076,0.33,-2.65,305.0,0.050,199.5,AUTO,ARMED
2025-08-29T12:51:14.571533Z,40.8634549,29.2600959,0.069,0.33,-2.66,305.0,0.050,199.7,AUTO,ARMED
2025-08-29T12:51:15.570991Z,40.8634543,29.2600967,0.065,0.32,-2.65,305.0,0.050,199.8,AUTO,ARMED
2025-08-29T12:51:16.576949Z,40.8634541,29.2600970,0.035,0.30,-2.68,305.0,0.050,199.9,AUTO,ARMED
2025-08-29T12:51:17.573828Z,40.8634538,29.2600973,0.020,0.34,-2.69,305.0,0.050,199.9,AUTO,ARMED
2025-08-29T12:51:18.569621Z,40.8634534,29.2600975,0.022,0.35,-2.69,305.0,0.050,200.0,AUTO,ARMED
2025-08-29T12:51:19.577148Z,40.8634530,29.2600976,0.025,0.35,-2.69,305.0,0.050,200.0,AUTO,ARMED
2025-08-29T12:51:20.574260Z,40.8634526,29.2600978,0.025,0.35,-2.69,305.0,0.050,200.0,AUTO,ARMED
2025-08-29T12:51:21.572540Z,40.8634522,29.2600981,0.017,0.36,-2.69,305.0,0.050,200.1,AUTO,ARMED
2025-08-29T12:51:22.576081Z,40.8634518,29.2600986,0.015,0.38,-2.68,305.0,0.050,200.2,AUTO,ARMED
2025-08-29T12:51:23.577555Z,40.8634513,29.2600992,0.025,0.39,-2.66,305.0,0.050,200.3,AUTO,ARMED
2025-08-29T12:51:24.576477Z,40.8634513,29.2600998,0.025,0.43,-2.68,305.0,0.050,200.3,AUTO,ARMED
2025-08-29T12:51:25.568408Z,40.8634508,29.2601004,0.027,0.38,-2.67,305.0,0.050,200.4,AUTO,ARMED
2025-08-29T12:51:26.576916Z,40.8634504,29.2601006,0.023,0.39,-2.66,305.0,0.050,200.5,AUTO,ARMED
2025-08-29T12:51:27.573967Z,40.8634502,29.2601007,0.010,0.39,-2.68,305.0,0.050,200.5,AUTO,ARMED
2025-08-29T12:51:28.569391Z,40.8634499,29.2601007,0.009,0.38,-2.71,305.0,0.050,200.5,AUTO,ARMED
2025-08-29T12:51:29.577354Z,40.8634497,29.2601010,0.007,0.39,-2.69,305.0,0.050,200.6,AUTO,ARMED
2025-08-29T12:51:30.572962Z,40.8634491,29.2601016,0.022,0.38,-2.65,305.0,0.050,200.7,AUTO,ARMED
2025-08-29T12:51:31.567010Z,40.8634485,29.2601021,0.026,0.37,-2.67,305.0,0.050,200.8,AUTO,ARMED
2025-08-29T12:51:32.576828Z,40.8634479,29.2601029,0.034,0.38,-2.64,305.0,0.050,200.9,AUTO,ARMED
2025-08-29T12:51:33.575943Z,40.8634472,29.2601040,0.054,0.38,-2.62,305.0,0.050,201.1,AUTO,ARMED
2025-08-29T12:51:34.574159Z,40.8634465,29.2601049,0.067,0.37,-2.60,305.0,0.050,201.2,AUTO,ARMED
2025-08-29T12:51:35.572004Z,40.8634461,29.2601054,0.060,0.36,-2.61,305.0,0.050,201.3,AUTO,ARMED
2025-08-29T12:51:36.569466Z,40.8634457,29.2601058,0.054,0.35,-2.62,305.0,0.050,201.4,AUTO,ARMED
2025-08-29T12:51:37.574702Z,40.8634452,29.2601066,0.059,0.34,-2.61,305.0,0.050,201.5,AUTO,ARMED
2025-08-29T12:51:38.569719Z,40.8634448,29.2601072,0.057,0.35,-2.62,305.0,0.050,201.6,AUTO,ARMED
2025-08-29T12:51:39.576008Z,40.8634445,29.2601080,0.056,0.36,-2.63,305.0,0.050,201.7,AUTO,ARMED
2025-08-29T12:51:40.575944Z,40.8634442,29.2601083,0.039,0.32,-2.67,305.0,0.050,201.8,AUTO,ARMED
2025-08-29T12:51:41.576275Z,40.8634439,29.2601086,0.030,0.32,-2.68,305.0,0.050,201.8,AUTO,ARMED
2025-08-29T12:51:42.571089Z,40.8634436,29.2601089,0.024,0.33,-2.69,305.0,0.050,201.9,AUTO,ARMED
2025-08-29T12:51:43.575895Z,40.8634432,29.2601095,0.034,0.30,-2.64,305.0,0.050,202.0,AUTO,ARMED
2025-08-29T12:51:44.569545Z,40.8634428,29.2601099,0.028,0.32,-2.67,305.0,0.050,202.0,AUTO,ARMED
2025-08-29T12:51:45.576079Z,40.8634422,29.2601101,0.034,0.31,-2.67,305.0,0.050,202.1,AUTO,ARMED
2025-08-29T12:51:46.574269Z,40.8634419,29.2601108,0.030,0.34,-2.66,305.0,0.050,202.2,AUTO,ARMED
2025-08-29T12:51:47.570928Z,40.8634416,29.2601116,0.037,0.36,-2.65,305.0,0.050,202.3,AUTO,ARMED
2025-08-29T12:51:48.569575Z,40.8634412,29.2601123,0.039,0.36,-2.65,305.0,0.050,202.4,AUTO,ARMED
2025-08-29T12:51:49.573966Z,40.8634409,29.2601130,0.041,0.34,-2.64,305.0,0.050,202.5,AUTO,ARMED
2025-08-29T12:51:50.569493Z,40.8634403,29.2601135,0.047,0.34,-2.64,305.0,0.050,202.6,AUTO,ARMED
2025-08-29T12:51:51.576784Z,40.8634400,29.2601141,0.038,0.35,-2.67,305.0,0.050,202.7,AUTO,ARMED
2025-08-29T12:51:52.569631Z,40.8634397,29.2601148,0.035,0.34,-2.67,305.0,0.050,202.8,AUTO,ARMED
2025-08-29T12:51:53.575817Z,40.8634394,29.2601157,0.039,0.35,-2.67,305.0,0.050,202.9,AUTO,ARMED
2025-08-29T12:51:54.575881Z,40.8634392,29.2601168,0.046,0.30,-2.74,305.0,0.050,203.1,AUTO,ARMED
2025-08-29T12:51:55.576268Z,40.8634392,29.2601176,0.040,-0.27,-3.24,305.0,0.050,203.2,AUTO,ARMED
2025-08-29T12:51:56.575483Z,40.8634393,29.2601180,0.038,-0.74,-3.21,305.0,0.050,203.2,AUTO,ARMED
2025-08-29T12:51:57.575634Z,40.8634393,29.2601180,0.038,-0.74,-3.21,305.0,0.050,203.2,AUTO,ARMED
2025-08-29T12:51:58.569045Z,40.8634393,29.2601180,0.038,-0.74,-3.21,305.0,0.050,203.2,AUTO,ARMED
2025-08-29T12:51:59.573992Z,40.8634393,29.2601180,0.038,-0.74,-3.21,305.0,0.050,203.2,AUTO,ARMED
2025-08-29T12:52:00.569022Z,40.8634393,29.2601180,0.038,-0.74,-3.21,305.0,0.050,203.2,AUTO,ARMED
2025-08-29T12:52:01.575905Z,40.8634393,29.2601180,0.038,-0.74,-3.21,305.0,0.050,203.2,AUTO,ARMED
2025-08-29T12:52:02.575262Z,40.8634393,29.2601180,0.038,-0.74,-3.21,305.0,0.050,203.2,AUTO,ARMED
2025-08-29T12:52:03.575268Z,40.8634393,29.2601180,0.038,-0.74,-3.21,305.0,0.050,203.2,AUTO,ARMED
2025-08-29T12:52:04.570005Z,40.8634393,29.2601180,0.038,-0.74,-3.21,305.0,0.050,203.2,AUTO,ARMED
2025-08-29T12:52:05.575419Z,40.8634393,29.2601180,0.038,-0.74,-3.21,305.0,0.050,203.2,AUTO,ARMED
2025-08-29T12:52:06.576332Z,40.8634393,29.2601180,0.038,-0.74,-3.21,305.0,0.050,203.2,AUTO,ARMED
2025-08-29T12:52:07.574273Z,40.8634393,29.2601180,0.038,-0.74,-3.21,305.0,0.050,203.2,AUTO,ARMED
2025-08-29T12:52:08.576132Z,40.8634393,29.2601180,0.038,-0.74,-3.21,305.0,0.050,203.2,AUTO,ARMED
2025-08-29T12:52:09.574781Z,40.8634393,29.2601180,0.038,-0.74,-3.21,305.0,0.050,203.2,AUTO,ARMED
2025-08-29T12:52:10.569549Z,40.8634393,29.2601180,0.038,-0.74,-3.21,305.0,0.050,203.2,AUTO,ARMED
2025-08-29T12:52:11.573640Z,40.8634393,29.2601180,0.038,-0.74,-3.21,305.0,0.050,203.2,AUTO,ARMED
2025-08-29T12:52:12.569475Z,40.8634393,29.2601180,0.038,-0.74,-3.21,305.0,0.050,203.2,AUTO,ARMED
2025-08-29T12:52:13.574970Z,40.8634393,29.2601180,0.038,-0.74,-3.21,305.0,0.050,203.2,AUTO,ARMED
2025-08-29T12:52:14.575171Z,40.8634393,29.2601180,0.038,-0.74,-3.21,305.0,0.050,203.2,AUTO,ARMED
2025-08-29T12:52:15.576386Z,40.8634393,29.2601180,0.038,-0.74,-3.21,305.0,0.050,203.2,AUTO,ARMED
2025-08-29T12:52:16.574968Z,40.8634393,29.2601180,0.038,-0.74,-3.21,305.0,0.050,203.2,AUTO,ARMED
2025-08-29T12:52:17.573453Z,40.8634393,29.2601180,0.038,-0.74,-3.21,305.0,0.050,203.2,AUTO,ARMED
2025-08-29T12:52:18.569871Z,40.8634393,29.2601180,0.038,-0.74,-3.21,305.0,0.050,203.2,AUTO,ARMED
2025-08-29T12:52:19.575213Z,40.8634393,29.2601180,0.038,-0.74,-3.21,305.0,0.050,203.2,AUTO,ARMED
2025-08-29T12:52:20.570013Z,40.8634393,29.2601180,0.038,-0.74,-3.21,305.0,0.050,203.2,AUTO,ARMED
2025-08-29T12:52:21.574465Z,40.8634393,29.2601180,0.038,-0.74,-3.21,305.0,0.050,203.2,AUTO,ARMED
2025-08-29T12:52:22.573169Z,40.8634393,29.2601180,0.038,-0.74,-3.21,305.0,0.050,203.2,AUTO,ARMED
2025-08-29T12:52:23.574437Z,40.8634393,29.2601180,0.038,-0.74,-3.21,305.0,0.050,203.2,AUTO,ARMED
2025-08-29T12:52:24.569405Z,40.8634393,29.2601180,0.038,-0.74,-3.21,305.0,0.050,203.2,AUTO,ARMED
2025-08-29T12:52:25.574909Z,40.8634393,29.2601180,0.038,-0.74,-3.21,305.0,0.050,203.2,AUTO,ARMED
2025-08-29T12:52:26.570240Z,40.8634393,29.2601180,0.038,-0.74,-3.21,305.0,0.050,203.2,AUTO,ARMED
2025-08-29T12:52:27.568677Z,40.8634393,29.2601180,0.038,-0.74,-3.21,305.0,0.050,203.2,AUTO,ARMED
2025-08-29T12:52:28.572958Z,40.8634393,29.2601180,0.038,-0.74,-3.21,305.0,0.050,203.2,AUTO,ARMED
2025-08-29T12:52:29.575395Z,40.8634393,29.2601180,0.038,-0.74,-3.21,305.0,0.050,203.2,AUTO,ARMED
2025-08-29T12:52:30.573792Z,40.8634393,29.2601180,0.038,-0.74,-3.21,305.0,0.050,203.2,AUTO,ARMED
2025-08-29T12:52:31.574226Z,40.8634393,29.2601180,0.038,-0.74,-3.21,305.0,0.050,203.2,AUTO,ARMED
2025-08-29T12:52:32.571986Z,40.8634393,29.2601180,0.038,-0.74,-3.21,305.0,0.050,203.2,AUTO,ARMED
2025-08-29T12:52:33.575637Z,40.8634393,29.2601180,0.038,-0.74,-3.21,305.0,0.050,203.2,AUTO,ARMED
2025-08-29T12:52:34.569741Z,40.8634393,29.2601180,0.038,-0.74,-3.21,305.0,0.050,203.2,AUTO,ARMED
2025-08-29T12:52:35.573975Z,40.8634393,29.2601180,0.038,-0.74,-3.21,305.0,0.050,203.2,AUTO,ARMED
2025-08-29T12:52:36.575906Z,40.8634393,29.2601180,0.038,-0.74,-3.21,305.0,0.050,203.2,AUTO,ARMED
2025-08-29T12:52:37.574462Z,40.8634393,29.2601180,0.038,-0.74,-3.21,305.0,0.050,203.2,AUTO,ARMED
2025-08-29T12:52:38.576069Z,40.8634393,29.2601180,0.038,-0.74,-3.21,305.0,0.050,203.2,AUTO,ARMED
2025-08-29T12:52:39.573836Z,40.8634393,29.2601180,0.038,-0.74,-3.21,305.0,0.050,203.2,AUTO,ARMED
2025-08-29T12:52:40.573776Z,40.8634393,29.2601180,0.038,-0.74,-3.21,305.0,0.050,203.2,AUTO,ARMED
2025-08-29T12:52:41.572028Z,40.8634393,29.2601180,0.038,-0.74,-3.21,305.0,0.050,203.2,AUTO,ARMED
2025-08-29T12:52:42.572153Z,40.8634393,29.2601180,0.038,-0.74,-3.21,305.0,0.050,203.2,AUTO,ARMED
2025-08-29T12:52:43.573621Z,40.8634393,29.2601180,0.038,-0.74,-3.21,305.0,0.050,203.2,AUTO,ARMED
2025-08-29T12:52:44.575893Z,40.8634393,29.2601180,0.038,-0.74,-3.21,305.0,0.050,203.2,AUTO,ARMED
2025-08-29T12:52:45.569797Z,40.8634393,29.2601180,0.038,-0.74,-3.21,305.0,0.050,203.2,AUTO,ARMED
2025-08-29T12:52:46.574143Z,40.8634393,29.2601180,0.038,-0.74,-3.21,305.0,0.050,203.2,AUTO,ARMED
2025-08-29T12:52:47.573959Z,40.8634393,29.2601180,0.038,-0.74,-3.21,305.0,0.050,203.2,AUTO,ARMED
2025-08-29T12:52:48.569621Z,40.8634393,29.2601180,0.038,-0.74,-3.21,305.0,0.050,203.2,AUTO,ARMED
2025-08-29T12:52:49.574926Z,40.8634393,29.2601180,0.038,-0.74,-3.21,305.0,0.050,203.2,AUTO,ARMED
2025-08-29T12:52:50.576305Z,40.8634393,29.2601180,0.038,-0.74,-3.21,305.0,0.050,203.2,AUTO,ARMED
2025-08-29T12:52:51.574546Z,40.8634393,29.2601180,0.038,-0.74,-3.21,305.0,0.050,203.2,AUTO,ARMED
2025-08-29T12:52:52.573184Z,40.8634393,29.2601180,0.038,-0.74,-3.21,305.0,0.050,203.2,AUTO,ARMED
2025-08-29T12:52:53.573147Z,40.8634393,29.2601180,0.038,-0.74,-3.21,305.0,0.050,203.2,AUTO,ARMED
2025-08-29T12:52:54.572637Z,40.8634393,29.2601180,0.038,-0.74,-3.21,305.0,0.050,203.2,AUTO,ARMED
2025-08-29T12:52:55.573286Z,40.8634393,29.2601180,0.038,-0.74,-3.21,305.0,0.050,203.2,AUTO,ARMED
2025-08-29T12:52:56.573287Z,40.8634393,29.2601180,0.038,-0.74,-3.21,305.0,0.050,203.2,AUTO,ARMED
2025-08-29T12:52:57.572414Z,40.8634393,29.2601180,0.038,-0.74,-3.21,305.0,0.050,203.2,AUTO,ARMED
2025-08-29T12:52:58.571333Z,40.8634393,29.2601180,0.038,-0.74,-3.21,305.0,0.050,203.2,AUTO,ARMED
2025-08-29T12:52:59.569922Z,40.8634393,29.2601180,0.038,-0.74,-3.21,305.0,0.050,203.2,AUTO,ARMED
2025-08-29T12:53:00.569942Z,40.8634393,29.2601180,0.038,-0.74,-3.21,305.0,0.050,203.2,AUTO,ARMED
2025-08-29T12:53:01.570167Z,40.8634393,29.2601180,0.038,-0.74,-3.21,305.0,0.050,203.2,AUTO,ARMED
2025-08-29T12:53:02.568537Z,40.8634393,29.2601180,0.038,-0.74,-3.21,305.0,0.050,203.2,AUTO,ARMED
2025-08-29T12:53:03.574336Z,40.8634393,29.2601180,0.038,-0.74,-3.21,305.0,0.050,203.2,AUTO,ARMED
2025-08-29T12:53:04.572910Z,40.8634393,29.2601180,0.038,-0.74,-3.21,305.0,0.050,203.2,AUTO,ARMED
2025-08-29T12:53:05.570508Z,40.8634393,29.2601180,0.038,-0.74,-3.21,305.0,0.050,203.2,AUTO,ARMED
2025-08-29T12:53:06.575227Z,40.8634393,29.2601180,0.038,-0.74,-3.21,305.0,0.050,203.2,AUTO,ARMED
2025-08-29T12:53:07.573174Z,40.8634393,29.2601180,0.038,-0.74,-3.21,305.0,0.050,203.2,AUTO,ARMED
2025-08-29T12:53:08.573166Z,40.8634393,29.2601180,0.038,-0.74,-3.21,305.0,0.050,203.2,AUTO,ARMED
2025-08-29T12:53:09.573385Z,40.8634393,29.2601180,0.038,-0.74,-3.21,305.0,0.050,203.2,AUTO,ARMED
2025-08-29T12:53:10.569700Z,40.8634393,29.2601180,0.038,-0.74,-3.21,305.0,0.050,203.2,AUTO,ARMED
2025-08-29T12:53:11.572996Z,40.8634393,29.2601180,0.038,-0.74,-3.21,305.0,0.050,203.2,AUTO,ARMED
2025-08-29T12:53:12.569963Z,40.8634393,29.2601180,0.038,-0.74,-3.21,305.0,0.050,203.2,AUTO,ARMED
2025-08-29T12:53:13.572314Z,40.8634393,29.2601180,0.038,-0.74,-3.21,305.0,0.050,203.2,AUTO,ARMED
2025-08-29T12:53:14.572219Z,40.8634393,29.2601180,0.038,-0.74,-3.21,305.0,0.050,203.2,AUTO,ARMED
2025-08-29T12:53:15.570353Z,40.8634393,29.2601180,0.038,-0.74,-3.21,305.0,0.050,203.2,AUTO,ARMED
2025-08-29T12:53:16.572821Z,40.8634393,29.2601180,0.038,-0.74,-3.21,305.0,0.050,203.2,AUTO,ARMED
2025-08-29T12:53:17.569930Z,40.8634393,29.2601180,0.038,-0.74,-3.21,305.0,0.050,203.2,AUTO,ARMED
2025-08-29T12:53:18.569735Z,40.8634393,29.2601180,0.038,-0.74,-3.21,305.0,0.050,203.2,AUTO,ARMED
2025-08-29T12:53:19.570052Z,40.8634393,29.2601180,0.038,-0.74,-3.21,305.0,0.050,203.2,AUTO,ARMED
2025-08-29T12:53:20.569381Z,40.8634393,29.2601180,0.038,-0.74,-3.21,305.0,0.050,203.2,AUTO,ARMED
2025-08-29T12:53:21.572442Z,40.8634393,29.2601180,0.038,-0.74,-3.21,305.0,0.050,203.2,AUTO,ARMED
2025-08-29T12:53:22.569683Z,40.8634393,29.2601180,0.038,-0.74,-3.21,305.0,0.050,203.2,AUTO,ARMED
2025-08-29T12:53:23.568573Z,40.8634393,29.2601180,0.038,-0.74,-3.21,305.0,0.050,203.2,AUTO,ARMED
2025-08-29T12:53:24.568732Z,40.8634393,29.2601180,0.038,-0.74,-3.21,305.0,0.050,203.2,AUTO,ARMED
2025-08-29T12:53:25.572871Z,40.8634393,29.2601180,0.038,-0.74,-3.21,305.0,0.050,203.2,AUTO,ARMED
2025-08-29T12:53:26.572407Z,40.8634393,29.2601180,0.038,-0.74,-3.21,305.0,0.050,203.2,AUTO,ARMED
2025-08-29T12:53:27.569789Z,40.8634393,29.2601180,0.038,-0.74,-3.21,305.0,0.050,203.2,AUTO,ARMED
2025-08-29T12:53:28.572523Z,40.8634393,29.2601180,0.038,-0.74,-3.21,305.0,0.050,203.2,AUTO,ARMED
2025-08-29T12:53:29.570666Z,40.8634393,29.2601180,0.038,-0.74,-3.21,305.0,0.050,203.2,AUTO,ARMED
2025-08-29T12:53:30.570387Z,40.8634393,29.2601180,0.038,-0.74,-3.21,305.0,0.050,203.2,AUTO,ARMED
2025-08-29T12:53:31.571627Z,40.8634393,29.2601180,0.038,-0.74,-3.21,305.0,0.050,203.2,AUTO,ARMED
2025-08-29T12:53:32.570600Z,40.8634393,29.2601180,0.038,-0.74,-3.21,305.0,0.050,203.2,AUTO,ARMED
2025-08-29T12:53:33.572531Z,40.8634393,29.2601180,0.038,-0.74,-3.21,305.0,0.050,203.2,AUTO,ARMED
2025-08-29T12:53:34.571217Z,40.8634393,29.2601180,0.038,-0.74,-3.21,305.0,0.050,203.2,AUTO,ARMED
2025-08-29T12:53:35.571374Z,40.8634393,29.2601180,0.038,-0.74,-3.21,305.0,0.050,203.2,AUTO,ARMED
2025-08-29T12:53:36.570324Z,40.8634393,29.2601180,0.038,-0.74,-3.21,305.0,0.050,203.2,AUTO,ARMED
2025-08-29T12:53:37.567853Z,40.8634393,29.2601180,0.038,-0.74,-3.21,305.0,0.050,203.2,AUTO,ARMED
2025-08-29T12:53:38.570256Z,40.8634393,29.2601180,0.038,-0.74,-3.21,305.0,0.050,203.2,AUTO,ARMED
2025-08-29T12:53:39.569503Z,40.8634393,29.2601180,0.038,-0.74,-3.21,305.0,0.050,203.2,AUTO,ARMED
2025-08-29T12:53:40.570255Z,40.8634393,29.2601180,0.038,-0.74,-3.21,305.0,0.050,203.2,AUTO,ARMED
2025-08-29T12:53:41.572920Z,40.8634393,29.2601180,0.038,-0.74,-3.21,305.0,0.050,203.2,AUTO,ARMED
2025-08-29T12:53:42.570283Z,40.8634393,29.2601180,0.038,-0.74,-3.21,305.0,0.050,203.2,AUTO,ARMED
2025-08-29T12:53:43.570918Z,40.8634393,29.2601180,0.038,-0.74,-3.21,305.0,0.050,203.2,AUTO,ARMED
2025-08-29T12:53:44.571294Z,40.8634393,29.2601180,0.038,-0.74,-3.21,305.0,0.050,203.2,AUTO,ARMED
2025-08-29T12:53:45.571178Z,40.8634393,29.2601180,0.038,-0.74,-3.21,305.0,0.050,203.2,AUTO,ARMED
2025-08-29T12:53:46.569860Z,40.8634393,29.2601180,0.038,-0.74,-3.21,305.0,0.050,203.2,AUTO,ARMED
2025-08-29T12:53:47.569167Z,40.8634393,29.2601180,0.038,-0.74,-3.21,305.0,0.050,203.2,AUTO,ARMED
2025-08-29T12:53:48.571113Z,40.8634393,29.2601180,0.038,-0.74,-3.21,305.0,0.050,203.2,AUTO,ARMED
2025-08-29T12:53:49.569045Z,40.8634393,29.2601180,0.038,-0.74,-3.21,305.0,0.050,203.2,AUTO,ARMED
2025-08-29T12:53:50.571284Z,40.8634393,29.2601180,0.038,-0.74,-3.21,305.0,0.050,203.2,AUTO,ARMED
2025-08-29T12:53:51.571244Z,40.8634393,29.2601180,0.038,-0.74,-3.21,305.0,0.050,203.2,AUTO,ARMED
2025-08-29T12:53:52.568994Z,40.8634393,29.2601180,0.038,-0.74,-3.21,305.0,0.050,203.2,AUTO,ARMED
2025-08-29T12:53:53.567942Z,40.8634393,29.2601180,0.038,-0.74,-3.21,305.0,0.050,203.2,AUTO,ARMED
2025-08-29T12:53:54.570951Z,40.8634393,29.2601180,0.038,-0.74,-3.21,305.0,0.050,203.2,AUTO,ARMED
2025-08-29T12:53:55.572056Z,40.8634393,29.2601180,0.038,-0.74,-3.21,305.0,0.050,203.2,AUTO,ARMED
2025-08-29T12:53:56.571275Z,40.8634393,29.2601180,0.038,-0.74,-3.21,305.0,0.050,203.2,AUTO,ARMED
2025-08-29T12:53:57.571635Z,40.8634393,29.2601180,0.038,-0.74,-3.21,305.0,0.050,203.2,AUTO,ARMED
2025-08-29T12:53:58.572251Z,40.8634393,29.2601180,0.038,-0.74,-3.21,305.0,0.050,203.2,AUTO,ARMED
2025-08-29T12:53:59.570612Z,40.8634393,29.2601180,0.038,-0.74,-3.21,305.0,0.050,203.2,AUTO,ARMED
2025-08-29T12:54:00.569557Z,40.8634393,29.2601180,0.038,-0.74,-3.21,305.0,0.050,203.2,AUTO,ARMED
2025-08-29T12:54:01.568458Z,40.8634393,29.2601180,0.038,-0.74,-3.21,305.0,0.050,203.2,AUTO,ARMED
2025-08-29T12:54:02.571087Z,40.8634393,29.2601180,0.038,-0.74,-3.21,305.0,0.050,203.2,AUTO,ARMED
2025-08-29T12:54:03.568229Z,40.8634393,29.2601180,0.038,-0.74,-3.21,305.0,0.050,203.2,AUTO,ARMED
2025-08-29T12:54:04.568596Z,40.8634393,29.2601180,0.038,-0.74,-3.21,305.0,0.050,203.2,AUTO,ARMED
2025-08-29T12:54:05.571436Z,40.8634393,29.2601180,0.038,-0.74,-3.21,305.0,0.050,203.2,AUTO,ARMED
2025-08-29T12:54:06.568391Z,40.8634393,29.2601180,0.038,-0.74,-3.21,305.0,0.050,203.2,AUTO,ARMED
2025-08-29T12:54:07.571082Z,40.8634393,29.2601180,0.038,-0.74,-3.21,305.0,0.050,203.2,AUTO,ARMED
2025-08-29T12:54:08.570081Z,40.8634393,29.2601180,0.038,-0.74,-3.21,305.0,0.050,203.2,AUTO,ARMED
2025-08-29T12:54:09.570150Z,40.8634393,29.2601180,0.038,-0.74,-3.21,305.0,0.050,203.2,AUTO,ARMED
2025-08-29T12:54:10.569954Z,40.8634393,29.2601180,0.038,-0.74,-3.21,305.0,0.050,203.2,AUTO,ARMED
2025-08-29T12:54:11.572375Z,40.8634393,29.2601180,0.038,-0.74,-3.21,305.0,0.050,203.2,AUTO,ARMED
2025-08-29T12:54:12.569847Z,40.8634393,29.2601180,0.038,-0.74,-3.21,305.0,0.050,203.2,AUTO,ARMED
2025-08-29T12:54:13.570562Z,40.8634393,29.2601180,0.038,-0.74,-3.21,305.0,0.050,203.2,AUTO,ARMED
2025-08-29T12:54:14.569001Z,40.8634393,29.2601180,0.038,-0.74,-3.21,305.0,0.050,203.2,AUTO,ARMED
2025-08-29T12:54:15.571611Z,40.8634393,29.2601180,0.038,-0.74,-3.21,305.0,0.050,203.2,AUTO,ARMED
2025-08-29T12:54:16.568394Z,40.8634393,29.2601180,0.038,-0.74,-3.21,305.0,0.050,203.2,AUTO,ARMED
2025-08-29T12:54:17.568472Z,40.8634393,29.2601180,0.038,-0.74,-3.21,305.0,0.050,203.2,AUTO,ARMED
2025-08-29T12:54:18.570562Z,40.8634393,29.2601180,0.038,-0.74,-3.21,305.0,0.050,203.2,AUTO,ARMED
2025-08-29T12:54:19.568201Z,40.8634393,29.2601180,0.038,-0.74,-3.21,305.0,0.050,203.2,AUTO,ARMED
2025-08-29T12:54:20.569723Z,40.8634393,29.2601180,0.038,-0.74,-3.21,305.0,0.050,203.2,AUTO,ARMED
2025-08-29T12:54:21.566514Z,40.8634393,29.2601180,0.038,-0.74,-3.21,305.0,0.050,203.2,AUTO,ARMED
2025-08-29T12:54:22.571118Z,40.8634393,29.2601180,0.038,-0.74,-3.21,305.0,0.050,203.2,AUTO,ARMED
2025-08-29T12:54:23.569605Z,40.8634393,29.2601180,0.038,-0.74,-3.21,305.0,0.050,203.2,AUTO,ARMED
2025-08-29T12:54:24.570334Z,40.8634393,29.2601180,0.038,-0.74,-3.21,305.0,0.050,203.2,AUTO,ARMED
2025-08-29T12:54:25.569815Z,40.8634393,29.2601180,0.038,-0.74,-3.21,305.0,0.050,203.2,AUTO,ARMED
2025-08-29T12:54:26.569393Z,40.8634393,29.2601180,0.038,-0.74,-3.21,305.0,0.050,203.2,AUTO,ARMED
2025-08-29T12:54:27.570659Z,40.8634393,29.2601180,0.038,-0.74,-3.21,305.0,0.050,203.2,AUTO,ARMED
2025-08-29T12:54:28.570565Z,40.8634393,29.2601180,0.038,-0.74,-3.21,305.0,0.050,203.2,AUTO,ARMED
2025-08-29T12:54:29.569519Z,40.8634393,29.2601180,0.038,-0.74,-3.21,305.0,0.050,203.2,AUTO,ARMED
2025-08-29T12:54:30.572269Z,40.8634393,29.2601180,0.038,-0.74,-3.21,305.0,0.050,203.2,AUTO,ARMED
2025-08-29T12:54:31.568627Z,40.8634393,29.2601180,0.038,-0.74,-3.21,305.0,0.050,203.2,AUTO,ARMED
2025-08-29T12:54:32.569430Z,40.8634393,29.2601180,0.038,-0.74,-3.21,305.0,0.050,203.2,AUTO,ARMED
2025-08-29T12:54:33.568104Z,40.8634393,29.2601180,0.038,-0.74,-3.21,305.0,0.050,203.2,AUTO,ARMED
2025-08-29T12:54:34.569454Z,40.8634393,29.2601180,0.038,-0.74,-3.21,305.0,0.050,203.2,AUTO,ARMED
2025-08-29T12:54:35.569084Z,40.8634393,29.2601180,0.038,-0.74,-3.21,305.0,0.050,203.2,AUTO,ARMED
2025-08-29T12:54:36.569535Z,40.8634393,29.2601180,0.038,-0.74,-3.21,305.0,0.050,203.2,AUTO,ARMED
2025-08-29T12:54:37.569758Z,40.8634393,29.2601180,0.038,-0.74,-3.21,305.0,0.050,203.2,AUTO,ARMED
2025-08-29T12:54:38.568503Z,40.8634393,29.2601180,0.038,-0.74,-3.21,305.0,0.050,203.2,AUTO,ARMED
2025-08-29T12:54:39.569155Z,40.8634393,29.2601180,0.038,-0.74,-3.21,305.0,0.050,203.2,AUTO,ARMED
2025-08-29T12:54:40.568660Z,40.8634393,29.2601180,0.038,-0.74,-3.21,305.0,0.050,203.2,AUTO,ARMED
2025-08-29T12:54:41.576843Z,40.8634393,29.2601180,0.038,-0.74,-3.21,305.0,0.050,203.2,AUTO,ARMED
2025-08-29T12:54:42.570070Z,40.8634393,29.2601180,0.038,-0.74,-3.21,305.0,0.050,203.2,AUTO,ARMED
2025-08-29T12:54:43.568051Z,40.8634393,29.2601180,0.038,-0.74,-3.21,305.0,0.050,203.2,AUTO,ARMED
2025-08-29T12:54:44.571624Z,40.8634393,29.2601180,0.038,-0.74,-3.21,305.0,0.050,203.2,AUTO,ARMED
2025-08-29T12:54:45.577631Z,40.8634393,29.2601180,0.038,-0.74,-3.21,305.0,0.050,203.2,AUTO,ARMED
2025-08-29T12:54:46.572067Z,40.8634393,29.2601180,0.038,-0.74,-3.21,305.0,0.050,203.2,AUTO,ARMED
2025-08-29T12:54:47.577451Z,40.8634393,29.2601180,0.038,-0.74,-3.21,305.0,0.050,203.2,AUTO,ARMED
2025-08-29T12:54:48.584156Z,40.8634393,29.2601180,0.038,-0.74,-3.21,305.0,0.050,203.2,AUTO,ARMED
2025-08-29T12:54:49.576497Z,40.8634393,29.2601180,0.038,-0.74,-3.21,305.0,0.050,203.2,AUTO,ARMED
2025-08-29T12:54:50.569656Z,40.8634393,29.2601180,0.038,-0.74,-3.21,305.0,0.050,203.2,AUTO,ARMED
2025-08-29T12:54:51.569707Z,40.8634393,29.2601180,0.038,-0.74,-3.21,305.0,0.050,203.2,AUTO,ARMED
2025-08-29T12:54:52.568460Z,40.8634393,29.2601180,0.038,-0.74,-3.21,305.0,0.050,203.2,AUTO,ARMED
2025-08-29T12:54:53.569732Z,40.8634393,29.2601180,0.038,-0.74,-3.21,305.0,0.050,203.2,AUTO,ARMED
2025-08-29T12:54:54.571526Z,40.8634393,29.2601180,0.038,-0.74,-3.21,305.0,0.050,203.2,AUTO,ARMED
2025-08-29T12:54:55.568771Z,40.8634393,29.2601180,0.038,-0.74,-3.21,305.0,0.050,203.2,AUTO,ARMED
2025-08-29T12:54:56.568853Z,40.8634393,29.2601180,0.038,-0.74,-3.21,305.0,0.050,203.2,AUTO,ARMED
2025-08-29T12:54:57.577794Z,40.8634393,29.2601180,0.038,-0.74,-3.21,305.0,0.050,203.2,AUTO,ARMED
2025-08-29T12:54:58.569531Z,40.8634393,29.2601180,0.038,-0.74,-3.21,305.0,0.050,203.2,AUTO,ARMED
2025-08-29T12:54:59.577630Z,40.8634393,29.2601180,0.038,-0.74,-3.21,305.0,0.050,203.2,AUTO,ARMED
2025-08-29T12:55:00.575109Z,40.8634393,29.2601180,0.038,-0.74,-3.21,305.0,0.050,203.2,AUTO,ARMED
2025-08-29T12:55:01.577322Z,40.8634393,29.2601180,0.038,-0.74,-3.21,305.0,0.050,203.2,AUTO,ARMED
2025-08-29T12:55:02.569486Z,40.8634393,29.2601180,0.038,-0.74,-3.21,305.0,0.050,203.2,AUTO,ARMED
2025-08-29T12:55:03.567796Z,40.8634393,29.2601180,0.038,-0.74,-3.21,305.0,0.050,203.2,AUTO,ARMED
2025-08-29T12:55:04.568411Z,40.8634393,29.2601180,0.038,-0.74,-3.21,305.0,0.050,203.2,AUTO,ARMED
2025-08-29T12:55:05.577157Z,40.8634393,29.2601180,0.038,-0.74,-3.21,305.0,0.050,203.2,AUTO,ARMED
2025-08-29T12:55:06.569718Z,40.8634393,29.2601180,0.038,-0.74,-3.21,305.0,0.050,203.2,AUTO,ARMED
2025-08-29T12:55:07.572411Z,40.8634393,29.2601180,0.038,-0.74,-3.21,305.0,0.050,203.2,AUTO,ARMED
2025-08-29T12:55:08.570890Z,40.8634393,29.2601180,0.038,-0.74,-3.21,305.0,0.050,203.2,AUTO,ARMED
2025-08-29T12:55:09.574731Z,40.8634393,29.2601180,0.038,-0.74,-3.21,305.0,0.050,203.2,AUTO,ARMED
2025-08-29T12:55:10.577072Z,40.8634393,29.2601180,0.038,-0.74,-3.21,305.0,0.050,203.2,AUTO,ARMED
2025-08-29T12:55:11.572019Z,40.8634393,29.2601180,0.038,-0.74,-3.21,305.0,0.050,203.2,AUTO,ARMED
2025-08-29T12:55:12.569451Z,40.8634393,29.2601180,0.038,-0.74,-3.21,305.0,0.050,203.2,AUTO,ARMED
2025-08-29T12:55:13.574429Z,40.8634393,29.2601180,0.038,-0.74,-3.21,305.0,0.050,203.2,AUTO,ARMED
